{
   "type" : "rig",
   "skeleton": {
      "ATTOVERCOG": [3.5,5.0,16.8818321586],
      "head": [3.4809551239,4.02152252197,3.71917510033],
      "leftBackPaw": [5.9809551239,9.04286289215,0.998276472092],
      "leftEar": [5.9809551239,2.00382471085,6.01021099091],
      "leftLeg": [5.9809551239,8.0,2.00455474854],
      "leftPaw": [5.9809551239,4.02152252197,0.998276948929],
      "rightBackPaw": [0.980955183506,9.04286289215,0.998276472092],
      "rightEar": [0.980955123901,2.00382471085,6.01021099091],
      "rightLeg": [0.980955123901,8.0,2.00455474854],
      "rightPaw": [0.980955123901,4.02152252197,0.998276948929],
      "root": [3.5,5.0,-1.97215226305e-31],
      "tailEnd": [3.5,14.009765625,3.5],
      "tail": [3.5,10.0029697418,3.5],
      "torso": [3.4809551239,6.5,2.50455474854]
   },
   "animation_root" : "file(animations)",
   "effects_root": "file(effects)"
}
